"metric","minAxis","maxAxis"
"Employment",243100,2398800
"Jobs",21925.0132684766,2861691.9255116
"Online job adverts",305,2736885
